{
	"type": "ArtilleryTurret",
	"name": "Резиновая пушка",
	"description": "Ближнебойное оружее с сильным уроном",
	"targetAir": true,
	"targetGround": true,
	"size": 2,
 "health": 3100,
	"reload": 10,
 "itemCapacity": 50,
	"shootCone": 40,
	"rotateSpeed": 5,
	"shots": 1,
	"chargeTime": 30,
	"range": 100,
	"burstSpacing": 90,
	"ammo": {
	"copper": {
			"speed": 6.0,
			"type": "missileBulletType",
			"damage": 29,
  "ammoPerShot": 4,
			"bulletWidth": 15,
			"bulletHeight": 23,
			"ammoMultiplier": 1},
		"resina": {
			"speed": 6.0,
			"damage": 126,
  "ammoPerShot": 3,
			"bulletWidth": 15,
			"bulletHeight": 23,
			"ammoMultiplier": 1,
			"fragBulletRadius": 10,
			"fragBullet": {
				"damage": 80,
				"speed": 60,
				"lifetime": 1,
				}
			"fragBullets": 3
				
		}
	},
	"requirements": [
		{ "item": "resina", "amount": 30 },
 	{ "item": "copper", "amount": 90 },
		{ "item": "lead", "amount":  130 }
	],
	"category": "turret",
	"research": "resina-crafter"
}
