{
	"type": "GenericSmelter",
	"name": "Создатель резины",
	"description": "Этот блок создаёт резину из меди и угля.",
	"outputItem": {"item": "resina", "amount": 1},
	"size": 2,
 "buildCostMultiplier": 1.5,
	"hasPower": false,
	"hasLiquids": false,
	"hasItems": true,
	"craftTime": 50,
	"updateEffect": "smeltsmoke",
	"consumes": {
		"items": {
			"items": [
				{ "item": "coal", "amount": 15 },
				{ "item": "copper", "amount": 5 }
			]
		}
	},
	"requirements": [
		{ "item": "lead", "amount": 70 },
		{ "item": "copper", "amount": 60 }
	],
	"category": "crafting",
	"research": "mechanical-drill",
}
