{
	"type": "ArtilleryTurret",
	"name": "Резиновая снайперская турель",
	"description": "Большая дальнобойная пушка.",
	"targetAir": true,
	"targetGround": true,
	"size": 4,
 "health": 3100,
	"reload": 250,
 "itemCapacity": 2,
	"shootCone": 1,
	"rotateSpeed": 10,
	"shots": 1,
	"chargeTime": 30,
	"range": 1000,
	"burstSpacing": 90,
	"ammo": {
	"copper": {
			"speed": 40.0,
			"type": "missileBulletType",
			"damage": 100,
  "ammoPerShot": 2,
			"bulletWidth": 15,
			"bulletHeight": 23,
			"ammoMultiplier": 1},
		"resina": {
			"speed": 60.0,
			"damage": 1000,
  "ammoPerShot": 3,
			"bulletWidth": 15,
			"bulletHeight": 23,
			"ammoMultiplier": 1,
			"fragBulletRadius": 10,
			"fragBullet": {
				"damage": 50,
				"speed": 30,
				"lifetime": 10,
				}
			"fragBullets": 2
				
		}
	},
	"requirements": [
		{ "item": "resina", "amount": 30 },
 	{ "item": "copper", "amount": 90 },
		{ "item": "lead", "amount":  130 }
	],
	"category": "turret",
	"research": "resina-crafter"
}
